{
    "particle_player": {
        "color_Final": [
            0.6823529601097107,
            0.0,
            0.0,
            0.0
        ],
        "color_Start": [
            0.6392157077789307,
            0.2078431397676468,
            0.0,
            1.0
        ],
        "emit_Range": [
            0.0,
            0.0,
            0.0
        ],
        "emit_Range_Type": 0,
        "emit_Time": -0.009999999776482582,
        "emit_perEmission": 5,
        "emit_position": [
            -10.216737747192383,
            0.0,
            4.869369983673096
        ],
        "gravity_Acceleration": 0.0,
        "gravity_Direction": [
            0.0,
            -1.0,
            0.0
        ],
        "releasedTimeRange": [
            1.0,
            1.0
        ],
        "size_Final": 1.0399999618530273,
        "size_Range": [
            0.10000000149011612,
            0.20000000298023224
        ],
        "speed_Final": 0.0,
        "speed_Range": [
            0.949999988079071,
            1.909999966621399
        ]
    }
}
