{
    "testParticle_0": {
        "emitRange": [
            19.8799991607666,
            19.8799991607666,
            33.132999420166016
        ],
        "emitTime": -0.17299999296665192,
        "gravity_Acceleration": 0.17299999296665192,
        "gravity_Direction": [
            0.0,
            -1.0,
            0.0
        ],
        "perEmission": 1,
        "position": [
            -0.6029999852180481,
            0.0,
            0.0
        ],
        "releasedTimeRange": [
            0.2540000081062317,
            1.1109999418258667
        ],
        "size_Final": 0.0,
        "size_Range": [
            1.0,
            1.0
        ],
        "speed_Final": 0.0,
        "speed_Range": [
            8.0,
            22.073999404907227
        ]
    }
}
