{
    "testParticle_0": {
        "emitRange": [
            7.691999912261963,
            15.385000228881836,
            9.434000015258789
        ],
        "emitTime": 0.10000000149011612,
        "perEmission": 4,
        "position": [
            7.691999912261963,
            1.9229999780654907,
            0.0
        ]
    }
}
