{
    "testParticle_0": {
        "color_Final": [
            1.0,
            1.0,
            1.0,
            0.0
        ],
        "color_Start": [
            1.0,
            1.0,
            1.0,
            1.0
        ],
        "emit_EnableSphereRange": true,
        "emit_Range": [
            0.8199999928474426,
            0.8199999928474426,
            0.0
        ],
        "emit_Time": -0.34599998593330383,
        "gravity_Acceleration": 10.267999649047852,
        "gravity_Direction": [
            0.0,
            -4.2789998054504395,
            0.0
        ],
        "perEmission": 1,
        "position": [
            -0.8199999928474426,
            0.0,
            0.0
        ],
        "releasedTimeRange": [
            1.2339999675750732,
            0.13099999725818634
        ],
        "size_Final": 0.0,
        "size_Range": [
            1.0,
            2.940999984741211
        ],
        "speed_Final": 0.0,
        "speed_Range": [
            3.9210000038146973,
            8.824000358581543
        ]
    }
}
