{
    "testParticle_0": {
        "emitRange": [
            5.421999931335449,
            6.02400016784668,
            4.818999767303467
        ],
        "emitTime": 0.6079999804496765,
        "perEmission": 4,
        "position": [
            -0.0,
            0.0,
            0.0
        ],
        "sizeMax": 5.36299991607666,
        "sizeMin": 1.0
    }
}
