{
    "testParticle_0": {
        "color_Final": [
            0.0,
            0.0,
            1.0,
            0.0
        ],
        "color_Start": [
            1.0,
            0.0,
            0.0,
            1.0
        ],
        "emitRange": [
            0.6019999980926514,
            0.6019999980926514,
            0.6019999980926514
        ],
        "emitTime": -0.17299999296665192,
        "gravity_Acceleration": 0.17299999296665192,
        "gravity_Direction": [
            0.0,
            -1.0,
            0.0
        ],
        "perEmission": 1,
        "position": [
            -0.6029999852180481,
            0.0,
            0.0
        ],
        "releasedTimeRange": [
            0.2540000081062317,
            1.1109999418258667
        ],
        "size_Final": 4.324999809265137,
        "size_Range": [
            1.0,
            1.0
        ],
        "speed_Final": 0.0,
        "speed_Range": [
            3.5220000743865967,
            6.296000003814697
        ]
    }
}
