{
    "testParticle_0": {
        "emitRange": [
            -0.6019999980926514,
            -0.6019999980926514,
            -0.6019999980926514
        ],
        "emitTime": -0.17299999296665192,
        "gravity_Acceleration": 40.13800048828125,
        "gravity_Direction": [
            0.0,
            -1.0,
            0.0
        ],
        "perEmission": 2,
        "position": [
            -0.6029999852180481,
            0.0,
            0.0
        ],
        "releasedTimeRange": [
            0.2540000081062317,
            1.1109999418258667
        ],
        "sizeRange": [
            0.2540000081062317,
            1.7400000095367432
        ],
        "speedRange": [
            5.014999866485596,
            12.444000244140625
        ]
    }
}
