{
    "testParticle_1": {
        "emitRange": [
            28.84600067138672,
            26.92300033569336,
            23.584999084472656
        ],
        "emitTime": 0.10000000149011612,
        "perEmission": 9,
        "position": [
            11.538000106811523,
            0.0,
            0.0
        ]
    }
}
