{
    "testParticle_1": {
        "emitRange": [
            0.6029999852180481,
            0.6019999980926514,
            0.6019999980926514
        ],
        "emitTime": 0.44600000977516174,
        "gravity_Acceleration": 4.324999809265137,
        "gravity_Direction": [
            0.0,
            2.614000082015991,
            0.0
        ],
        "perEmission": 3,
        "position": [
            11.538000106811523,
            0.0,
            0.0
        ],
        "releasedTimeRange": [
            1.0,
            3.9630000591278076
        ],
        "sizeRange": [
            0.2540000081062317,
            1.0
        ],
        "speedRange": [
            2.0299999713897705,
            4.296000003814697
        ]
    }
}
